{
  "features": [
    "온도내부_평균",
    "온도내부_최저",
    "온도내부_최고",
    "온도내부_표준편차",
    "습도내부_평균",
    "co2_평균",
    "온도외부_평균",
    "일사량_평균"
  ],
  "window": 7,
  "mu": [
    19.441856384277344,
    15.02808666229248,
    26.85549545288086,
    4.038602828979492,
    84.44486999511719,
    473.2844543457031,
    11.873690605163574,
    147.74737548828125
  ],
  "sd": [
    4.6836371421813965,
    4.521777153015137,
    5.488659858703613,
    1.6511305570602417,
    10.966024398803711,
    198.33213806152344,
    8.755961418151855,
    87.07231903076172
  ],
  "val_mae": 1.114,
  "baseline_mae": 1.166
}